NTC,https://namtanuyen.com.vn/bao-cao-tai-chinh,/html/body/form/div[3]/div[2]
IDC,https://www.idico.com.vn/vi/quan-he-co-dong/cong-bo-thong-tin?slug=cbtt-bctt,/html/body/div[1]/div[2]/div[1]/div/div[2]/div[1]/main/div
SIP,https://saigonvrg.com.vn/vi/bao-cao-tai-chinh,/html/body/div[1]/div[2]/div[4]/div[1]/div[2]
SZC,https://sonadezichauduc.com.vn/vn/bao-cao-tai-chinh-bao-cao-thuong-nien.html,/html/body/div/div/div[3]/div[2]/div[2]/div/div[1]
KBC,https://kinhbaccity.vn/bao-cao-tai-chinh.htm,/html/body/form/div[3]/main/div/div/div/section/div[2]
,,
,,
TCB,https://techcombank.com/nha-dau-tu/thong-tin-tai-chinh/bao-cao-tai-chinh-vas,/html/body/div[1]/div/div[2]/div/div/div[2]/div/div/div/div[2]/div/section/div/div[2]/div[2]
VPB,https://www.vpbank.com.vn/quan-he-nha-dau-tu/bao-cao-tai-chinh,/html/body/main/div/div[2]/section
HDB,,
VIB,,
TPB,,
MBB,,
ACB,,
STB,,
VCB,,
CTG,,
BID,,
SHB,,
MSB,,
OCB,,
,,
MWG,https://mwg.vn/bao-cao,/html/body/div[2]/div[2]
PNJ,https://www.pnj.com.vn/quan-he-co-dong/bao-cao-tai-chinh/,/html/body/div[1]/div[4]/div[2]/div/div[3]/div/div/div/div/div[1]/div/div[2]/div/div[1]
DGW,https://digiworld.com.vn/quan-he-nha-dau-tu,/html/body/div[1]/section[2]/div/div/div[2]
PET,https://www.petrosetco.com.vn/quan-he-co-dong/bao-cao-tai-chinh.html,/html/body/form/div[4]/div[4]/div/div[2]/div/div[3]
HAX,https://www.haxaco.com.vn/bao-cao-tai-chinh/2025-97/,/html/body/div[6]
MSN,https://www.masangroup.com/vi/investor-relations.html,/html/body/div/section[3]/div[2]/div[1]/div/div[2]/div[2]/div[1]/div/div
